{
    "timestamp": "2025-12-02T15:48:40.307376",
    "model_name": "IQCNN_Ensemble",
    "accuracy": 0.9142888412889507,
    "precision": 0.4,
    "recall": 0.0025570776255707762,
    "f1_score": 0.005081669691470054,
    "roc_auc": 0.5757730030521558,
    "brier_score": 0.21786654048743218,
    "confusion_matrix": [
        [
            58463,
            21
        ],
        [
            5461,
            14
        ]
    ],
    "classification_report": {
        "0": {
            "precision": 0.9145704273825167,
            "recall": 0.9996409274331441,
            "f1-score": 0.9552153454022613,
            "support": 58484.0
        },
        "1": {
            "precision": 0.4,
            "recall": 0.0025570776255707762,
            "f1-score": 0.005081669691470054,
            "support": 5475.0
        },
        "accuracy": 0.9142888412889507,
        "macro avg": {
            "precision": 0.6572852136912584,
            "recall": 0.5010990025293575,
            "f1-score": 0.48014850754686567,
            "support": 63959.0
        },
        "weighted avg": {
            "precision": 0.8705223170318345,
            "recall": 0.9142888412889507,
            "f1-score": 0.8738822746144662,
            "support": 63959.0
        }
    }
}